Book Id,Title,Author,Author l-f,Additional Authors,ISBN,ISBN13,My Rating,Average Rating,Publisher,Binding,Number of Pages,Year Published,Original Publication Year,Date Read,Date Added,Bookshelves,Bookshelves with positions,Exclusive Shelf,My Review,Spoiler,Private Notes,Read Count,Owned Copies
16248140,Dangerous Refuge,Elizabeth Lowell,"Lowell, Elizabeth",,"=""0062132717""","=""9780062132710""",3,3.65,Avon,Hardcover,384,2013,2013,2025/08/15,2025/08/15,,,read,,,,1,0
18423,The Left Hand of Darkness,Ursula K. Le Guin,"Guin, Ursula K. Le",,"=""""","=""""",0,4.10,Ace,Paperback,304,2000,1969,,2025/08/05,to-read,to-read (#83),to-read,,,,0,0
43522576,Imaginary Friend,Stephen Chbosky,"Chbosky, Stephen",,"=""1538731339""","=""9781538731338""",3,3.55,Grand Central Publishing,Hardcover,705,2019,2019,2025/07/29,2025/08/02,,,read,,,,1,0
29103642,Waking Olivia,Elizabeth O'Roark,"O'Roark, Elizabeth",,"=""098981355X""","=""9780989813556""",1,4.11,Elizabeth O'Roark,Paperback,378,2016,2016,2025/07/03,2025/07/03,,,read,,,,1,0
229717312,"Releasing 10 (Boys of Tommen, #6)",Chloe Walsh,"Walsh, Chloe",,"=""1464248524""","=""9781464248528""",4,4.56,Bloom Books,Kindle Edition,765,2025,2025,2025/06/05,2025/07/03,,,read,,,,1,0
194931971,"Broken (Manhattan Ruthless, #1)",Sadie Kincaid,"Kincaid, Sadie",,"=""""","=""""",2,4.17,Red House Press Ltd,Kindle Edition,400,2024,,2025/06/07,2025/07/03,,,read,,,,1,0
199793431,The Mighty Red,Louise Erdrich,"Erdrich, Louise",,"=""0063277050""","=""9780063277052""",3,3.83,Harper,Hardcover,384,2024,2024,2025/05/14,2025/07/03,,,read,,,,1,0
209568782,"Wild Eyes (Rose Hill, #2)",Elsie Silver,"Silver, Elsie",,"=""1464220824""","=""9781464220821""",3,4.27,Bloom Books,Paperback,464,2024,2024,2025/04/16,2025/03/23,,,read,,,,1,0
217465190,"Wild Side (Rose Hill, #3)",Elsie Silver,"Silver, Elsie",,"=""""","=""""",4,4.19,,Kindle Edition,466,2025,2025,2025/03/10,2025/03/10,,,read,,,,1,0
217923287,Ravaged Hearts (Team Zulu #5),Julie  Weaver,"Weaver, Julie",,"=""0645930164""","=""9780645930160""",2,4.16,Epic Press,Kindle Edition,266,2024,2024,2025/02/28,2025/02/28,,,read,,,,1,0
17245,Dracula,Bram Stoker,"Stoker, Bram","David J. Skal, Nina Auerbach, Rubén Toledo","=""0393970124""","=""9780393970128""",4,4.02,Norton,Paperback,488,1986,1897,2025/02/28,2025/02/28,,,read,,,,1,0
195644142,Good Girl,Aria Aber,"Aber, Aria",,"=""""","=""""",0,3.66,Hogarth,Hardcover,368,2025,2025,,2025/02/23,to-read,to-read (#82),to-read,,,,0,0
34879602,"LIGHT: a collection of prose poetry vignettes (Dictionary Poems, #2)",keaton st. james,"james, keaton st.",,"=""""","=""""",0,4.38,,ebook,,2016,,,2025/02/03,to-read,to-read (#81),to-read,,,,0,0
29223203,"GROWING: a collection of prose poetry vignettes (Dictionary Poems, #1)",keaton st. james,"james, keaton st.",,"=""""","=""""",0,4.53,,ebook,15,2016,,,2025/02/03,to-read,to-read (#80),to-read,,,,0,0
39280444,Speak,Laurie Halse Anderson,"Anderson, Laurie Halse",,"=""0374311250""","=""9780374311254""",3,4.05,"Farrar, Straus and Giroux (BYR)",Hardcover,224,2019,1999,2025/01/02,2025/02/03,,,read,,,,1,0
18386,The Death of Ivan Ilych,Leo Tolstoy,"Tolstoy, Leo","Aylmer Maude, Louise Maude","=""""","=""""",3,4.14,Waking Lion Press,Paperback,86,2006,1886,2024/12/30,2024/12/30,,,read,,,,1,0
61373532,"Heartless (Chestnut Springs, #2)",Elsie Silver,"Silver, Elsie",,"=""""","=""""",3,4.38,Amazon Digital Services,Kindle Edition,476,2022,2022,2024/12/30,2024/12/30,,,read,,,,1,0
174753697,"Hopeless (Chestnut Springs, #5)",Elsie Silver,"Silver, Elsie",,"=""""","=""""",3,4.09,Elsie Silver Literary Inc.,Kindle Edition,486,2023,2023,2024/01/01,2024/12/26,,,read,,,,1,0
199368721,"Wild Love (Rose Hill, #1)",Elsie Silver,"Silver, Elsie",,"=""0349441626""","=""9780349441627""",3,4.01,Piatkus,Kindle Edition,466,2024,2024,2024/10/24,2024/10/24,,,read,,,,1,0
219544732,"Rafa's Convenient Wife (Tequila Tycoons, #1)",Roxie Rivera,"Rivera, Roxie",,"=""""","=""""",1,4.11,Night Works Books,Kindle Edition,170,2024,,2024/10/24,2024/10/24,,,read,,,,1,0
59475295,Blake (Blue Halo #3),Nyssa Kathryn,"Kathryn, Nyssa",,"=""""","=""""",4,4.42,Nyssa Kathryn,Kindle Edition,267,2022,2022,2023/01/01,2023/05/22,,,read,,,,1,0
40651649,"The Rural Diaries: Love, Livestock, and Big Life Lessons Down on Mischief Farm",Hilarie Burton Morgan,"Morgan, Hilarie Burton",,"=""0062862723""","=""9780062862723""",0,4.41,HarperOne,ebook,272,2020,2020,,2024/09/10,to-read,to-read (#79),to-read,,,,0,0
41014903,"Warcross (Warcross, #1)",Marie Lu,"Lu, Marie",,"=""0399547983""","=""9780399547980""",0,4.13,G. P. Putnam's Sons,Kindle Edition,368,2017,2017,,2024/09/06,to-read,to-read (#78),to-read,,,,0,0
58214328,What My Bones Know: A Memoir of Healing from Complex Trauma,Stephanie Foo,"Foo, Stephanie",,"=""0593238109""","=""9780593238103""",0,4.50,Ballantine Books,Hardcover,352,2022,2022,,2024/08/28,to-read,to-read (#77),to-read,,,,0,0
62816044,"A Curse for True Love (Once Upon a Broken Heart, #3)",Stephanie Garber,"Garber, Stephanie",,"=""1250851203""","=""9781250851208""",3,4.16,Flatiron,Hardcover,386,2023,2023,2024/08/27,2023/10/27,,,read,,,,1,0
7695,Holy the Firm,Annie Dillard,"Dillard, Annie",,"=""0060915439""","=""9780060915438""",3,4.20,Harper Perennial,Paperback,76,1998,1977,,2024/08/26,to-read,to-read (#76),to-read,,,,0,0
54370827,Hands Down,Mariana Zapata,"Zapata, Mariana",,"=""""","=""""",2,3.89,,Kindle Edition,550,2020,2020,2024/08/14,2024/08/14,,,read,,,,1,0
33288638,Wait for It,Mariana Zapata,"Zapata, Mariana",,"=""""","=""""",2,4.29,Amazon Digital Services LLC,Kindle Edition,418,2016,2016,2024/08/14,2024/08/14,,,read,,,,1,0
57605091,All Rhodes Lead Here,Mariana Zapata,"Zapata, Mariana",,"=""""","=""""",4,4.22,,Kindle Edition,572,2021,2021,2024/08/14,2024/08/14,,,read,,,,1,0
37683751,From Lukov with Love,Mariana Zapata,"Zapata, Mariana",,"=""""","=""""",2,4.19,Mariana Zapata,Paperback,493,2018,2018,2024/08/14,2024/08/14,,,read,,,,1,0
29367958,The Wall of Winnipeg and Me,Mariana Zapata,"Zapata, Mariana",,"=""""","=""""",3,4.16,,Kindle Edition,475,2016,2016,2024/08/14,2024/08/14,,,read,,,,1,0
61326735,"Love, Theoretically",Ali Hazelwood,"Hazelwood, Ali",,"=""1408725797""","=""9781408725795""",3,4.09,Sphere,Paperback,389,2023,2023,2024/08/14,2024/08/14,,,read,,,,1,0
60581370,"The Jasad Heir (The Scorched Throne, #1)",Sara  Hashem,"Hashem, Sara",,"=""0316477869""","=""9780316477864""",0,4.01,Orbit Books,Paperback,523,2023,2023,,2024/08/09,to-read,to-read (#75),to-read,,,,0,0
211974738,"A Deal with the Bossy Devil (Bad Billionaire Bosses, #1)",Kyra Parsi,"Parsi, Kyra",,"=""""","=""""",3,4.12,,ebook,434,2024,2023,2024/07/26,2024/07/26,,,read,,,,1,0
63123596,"Fool Them Once (Push and Pull, #1)",Kyra Parsi,"Parsi, Kyra",,"=""""","=""9798361616961""",3,3.74,Independently published,Paperback,360,2022,,2024/07/26,2024/07/26,,,read,,,,1,0
199239864,"Alive and Wells (Wells Ranch, #1)",Bailey Hannah,"Hannah, Bailey",,"=""1738107612""","=""9781738107612""",3,3.96,,Kindle Edition,324,2023,,2024/01/01,2024/06/27,,,read,,,,1,0
210490308,"Rope Me In (Cowboys of Night Hawk, #2)",Kayla Grosse,"Grosse, Kayla",,"=""""","=""""",1,3.94,"Kayla Grosse, Fat Babe Publishing, INC.",Kindle Edition,408,2024,2024,2024/01/01,2024/07/26,,,read,,,,1,0
123610221,"Rein Me In (Cowboys of Night Hawk, #1)",Kayla Grosse,"Grosse, Kayla",,"=""""","=""""",2,3.80,Kayla Grosse,Kindle Edition,332,2023,,2024/01/01,2024/07/26,,,read,,,,1,0
20613920,Under Locke,Mariana Zapata,"Zapata, Mariana",,"=""""","=""""",1,3.89,,ebook,497,2014,2014,,2024/07/26,,,read,,,,0,0
210277479,"Failure to Match (Bad Billionaire Bosses, #2)",Kyra Parsi,"Parsi, Kyra",,"=""""","=""""",3,4.19,Independently Published,ebook,430,2024,,2024/01/01,2024/07/26,,,read,,,,1,0
52867387,Beach Read,Emily Henry,"Henry, Emily",,"=""1984806734""","=""9781984806734""",4,3.98,Berkley,Paperback,358,2020,2020,2022/01/01,2022/04/24,,,read,,,,1,0
61718053,Happy Place,Emily Henry,"Henry, Emily",,"=""0593441273""","=""9780593441275""",4,3.95,Berkley,Hardcover,400,2023,2023,2023/01/01,2023/07/08,,,read,4.5,,,1,0
211087138,"What Hurts Us (Falls Creek, #1)",Maggie C. Gates,"Gates, Maggie C.",,"=""""","=""""",3,4.01,,Kindle Edition,398,2024,2023,2024/07/09,2024/07/09,,,read,,,,1,0
211087168,"What Heals Us (Falls Creek, #2)",Maggie C. Gates,"Gates, Maggie C.",,"=""""","=""""",2,4.05,,Kindle Edition,438,2024,2023,2024/01/01,2024/07/09,,,read,,,,1,0
60769830,How Far the Light Reaches: A Life in Ten Sea Creatures,Sabrina Imbler,"Imbler, Sabrina",,"=""0316540536""","=""9780316540537""",0,4.10,"Little, Brown and Company",Hardcover,263,2022,2022,,2024/07/09,to-read,to-read (#74),to-read,,,,0,0
187012471,"Insatiable (The Edge of Darkness, #1)",Leigh Rivers,"Rivers, Leigh",,"=""""","=""""",1,4.24,Nielsen,ebook,413,2023,2023,2024/07/03,2024/07/03,,,read,,,,1,0
60544084,"Drawing the Line (The Line, #3)",Nikki  Rose,"Rose, Nikki",,"=""""","=""""",2,4.36,Amazon Digital Services,Kindle Edition,,2022,2019,2024/07/03,2024/07/03,,,read,,,,1,0
203295198,"Restitution (The Edge of Darkness, #3)",Leigh Rivers,"Rivers, Leigh",,"=""""","=""""",1,4.37,,ebook,525,2024,,2024/01/01,2024/07/03,,,read,,,,1,0
201489094,"Voracious (The Edge of Darkness, #2)",Leigh Rivers,"Rivers, Leigh",,"=""""","=""""",1,4.30,,ebook,399,2023,2023,2024/01/01,2024/07/03,,,read,,,,1,0
24044596,Kulti,Mariana Zapata,"Zapata, Mariana",,"=""""","=""""",3,4.24,,Nook,570,2015,2015,2024/01/01,2024/06/27,,,read,,,,1,0
196219692,"Taming 7 (Boys of Tommen, #5)",Chloe Walsh,"Walsh, Chloe",,"=""""","=""""",1,4.32,Bloom Books,Kindle Edition,464,2024,2024,2024/01/01,2024/06/27,,,read,,,,1,0
110212831,"Redeeming 6 (Boys of Tommen, #4)",Chloe Walsh,"Walsh, Chloe",,"=""""","=""""",4,4.64,,Kindle Edition,1066,2023,2023,2024/01/01,2024/06/27,,,read,,,,1,0
44153947,"Saving 6 (Boys of Tommen, #3)",Chloe Walsh,"Walsh, Chloe",,"=""""","=""""",3,4.46,Chloe Walsh,ebook,725,2023,2023,2024/01/01,2024/06/27,,,read,,,,1,0
42968173,"Keeping 13 (Boys of Tommen, #2)",Chloe Walsh,"Walsh, Chloe",,"=""""","=""""",4,4.53,,ebook,938,2018,2018,2023/01/01,2023/05/22,,,read,,,,1,0
40944965,"Binding 13 (Boys of Tommen, #1)",Chloe Walsh,"Walsh, Chloe",,"=""""","=""""",3,4.45,,ebook,626,2018,2018,2023/01/01,2023/06/25,,,read,,,,1,0
174147294,Wandering Stars,Tommy Orange,"Orange, Tommy",,"=""0593318250""","=""9780593318256""",0,3.83,Knopf,Hardcover,315,2024,2024,,2024/01/30,to-read,to-read (#73),to-read,,,,0,0
59582214,"A False Start (Gold Rush Ranch, #4)",Elsie Silver,"Silver, Elsie",,"=""""","=""""",1,4.13,,Kindle Edition,404,2022,2022,2024/01/01,2024/01/03,,,read,,,,1,0
57722167,"The Front Runner (Gold Rush Ranch, #3)",Elsie Silver,"Silver, Elsie",,"=""""","=""""",3,4.23,,Kindle Edition,356,2021,2021,2024/01/01,2024/01/03,,,read,,,,1,0
57722155,"A Photo Finish (Gold Rush Ranch, #2)",Elsie Silver,"Silver, Elsie",,"=""""","=""""",3,4.04,,Kindle Edition,420,2021,2021,2024/01/01,2024/01/03,,,read,,,,1,0
57516722,"Off to the Races (Gold Rush Ranch, #1)",Elsie Silver,"Silver, Elsie",,"=""""","=""9798743224272""",3,3.70,Independently published,Paperback,334,2021,2021,2024/01/01,2024/01/03,,,read,,,,1,0
63031640,"Powerless  (Chestnut Springs, #3)",Elsie Silver,"Silver, Elsie",,"=""""","=""""",3,4.05,,Kindle Edition,504,2023,2023,2023/01/01,2023/12/31,,,read,,,,1,0
112974914,"Hunt on Dark Waters (Crimson Sails, #1)",Katee Robert,"Robert, Katee",,"=""0593639081""","=""9780593639085""",0,3.25,Berkley,Paperback,320,2023,2023,,2023/11/23,to-read,to-read (#72),to-read,,,,0,0
123853931,Callum (Blue Halo #7),Nyssa Kathryn,"Kathryn, Nyssa",,"=""""","=""""",4,4.36,,Kindle Edition,293,2023,2023,2023/01/01,2023/11/23,,,read,,,,1,0
58752609,Kye (Project Arma #8),Nyssa Kathryn,"Kathryn, Nyssa",,"=""""","=""""",3,4.52,Nyssa Kathryn,Kindle Edition,266,2022,2022,2023/01/01,2023/11/23,,,read,,,,1,0
58342406,Oliver (Project Arma #7),Nyssa Kathryn,"Kathryn, Nyssa",,"=""""","=""""",3,4.46,Nyssa Kathryn,Kindle Edition,254,2021,2021,2023/01/01,2023/11/23,,,read,,,,1,0
15835031,"If He Had Been With Me (If He Had Been with Me, #1)",Laura Nowlin,"Nowlin, Laura",,"=""1402277822""","=""9781402277825""",0,3.79,Sourcebooks Fire,Paperback,336,2013,2013,,2023/09/19,to-read,to-read (#71),to-read,,,,0,0
197087318,Ten (Her Russian Protector),Roxie Rivera,"Rivera, Roxie",,"=""1630420948""","=""9781630420949""",2,4.38,Night Works Books,Paperback,296,2023,2023,2023/01/01,2023/08/26,,,read,,,,1,0
54683187,"The Annihilator (Dark Verse, #5)",RuNyx,"RuNyx, RuNyx",,"=""""","=""""",1,4.14,,ebook,257,2022,2022,2023/01/01,2023/09/13,,,read,,,,1,0
53473067,"The Finisher (Dark Verse, #4)",RuNyx,"RuNyx, RuNyx",,"=""""","=""""",3,4.06,,Kindle Edition,314,2021,2021,2023/01/01,2023/09/13,,,read,,,,1,0
53473056,"The Emperor (Dark Verse, #3)",RuNyx,"RuNyx, RuNyx",,"=""""","=""""",3,4.20,Amazon Digital Services,Kindle Edition,443,2021,2021,2023/01/01,2023/09/12,,,read,,,,1,0
53027547,"The Reaper (Dark Verse, #2)",RuNyx,"RuNyx, RuNyx",,"=""0463895789""","=""9780463895788""",3,4.29,Smashwords,ebook,420,2020,2020,2023/01/01,2023/09/12,,,read,,,,1,0
52871061,"The Predator (Dark Verse, #1)",RuNyx,"RuNyx, RuNyx",,"=""""","=""""",2,3.99,,Paperback,318,2020,2020,2023/01/01,2023/09/12,,,read,,,,1,0
61045446,"Whispers of You (Lost & Found, #1)",Catherine Cowles,"Cowles, Catherine",,"=""1951936337""","=""9781951936334""",3,4.13,PageSmith LLC,Paperback,334,2023,2023,2023/01/01,2023/09/12,,,read,,,,1,0
125791019,"Under the Stars (Cottonwood Cove, #2)",Laura Pavlov,"Pavlov, Laura",,"=""""","=""9798390178539""",1,4.29,,Paperback,340,2023,2023,2023/01/01,2023/09/08,,,read,,,,1,0
84943172,"The Right Move (Windy City, #2)",Liz Tomforde,"Tomforde, Liz",,"=""""","=""""",2,4.40,Golden Boy Publishing LLC,Kindle Edition,499,2023,2023,2023/01/01,2023/09/08,,,read,,,,1,0
60657589,"Emily Wilde's Encyclopaedia of Faeries (Emily Wilde, #1)",Heather Fawcett,"Fawcett, Heather",,"=""059350013X""","=""9780593500132""",0,3.97,Del Rey,Hardcover,317,2023,2023,,2023/09/05,to-read,to-read (#70),to-read,,,,0,0
123257687,"Assistant to the Villain (Assistant to the Villain, #1)",Hannah Nicole Maehrer,"Maehrer, Hannah Nicole",,"=""1649375808""","=""9781649375803""",0,3.93,Entangled Publishing: Red Tower Books,Paperback,342,2023,2023,,2023/09/05,to-read,to-read (#69),to-read,,,,0,0
75364123,"Into the Tide (Cottonwood Cove, #1)",Laura Pavlov,"Pavlov, Laura",,"=""""","=""9798371541376""",3,4.03,Independently published,Paperback,367,2023,2023,,2023/09/03,,,read,,,,0,0
62870038,"Faking Ms. Right (Dirty Martini Running Club, #1)",Claire Kingsley,"Kingsley, Claire",,"=""""","=""""",2,4.07,"Always Have, LLC",Kindle Edition,360,2022,2019,2023/01/01,2023/09/01,,,read,,,,1,0
62870117,"Marrying Mr. Wrong (Dirty Martini Running Club, #3)",Claire Kingsley,"Kingsley, Claire",,"=""""","=""""",3,4.09,"Always Have, LLC",Kindle Edition,380,2021,2021,2023/01/01,2023/08/31,,,read,,,,1,0
60408271,Everything Leads to You,Nina LaCour,"LaCour, Nina",,"=""""","=""""",3,3.84,Penguin Teen,Paperback,336,2022,2014,2023/01/01,2023/05/31,,,read,,,,1,0
49229687,Always the Last to Know,Kristan Higgins,"Higgins, Kristan",,"=""0451489454""","=""9780451489456""",4,3.96,Berkley Books,Paperback,400,2020,2020,2023/01/01,2023/08/28,,,read,,,,1,0
16158558,"Dark Witch (The Cousins O'Dwyer Trilogy, #1)",Nora Roberts,"Roberts, Nora",,"=""0425259854""","=""9780425259856""",2,3.97,Berkley,Paperback,342,2013,2013,2023/01/01,2023/08/28,,,read,,,,1,0
5297,The Picture of Dorian Gray,Oscar Wilde,"Wilde, Oscar",Jeffrey Eugenides,"=""""","=""""",0,4.13,Random House: Modern Library,Paperback,272,2004,1890,,2022/10/18,to-read,to-read (#68),to-read,,,,0,0
61884987,Hello Stranger,Katherine Center,"Center, Katherine",,"=""1250283787""","=""9781250283788""",0,3.92,St. Martin's Press,Hardcover,323,2023,2023,,2023/08/04,to-read,to-read (#67),to-read,,,,0,0
18042570,Go Ask Alice: A Real Diary,Beatrice Sparks,"Sparks, Beatrice",,"=""""","=""""",3,3.74,Simon Pulse,Mass Market Paperback,192,1998,1971,2023/01/01,2023/08/02,,,read,,,,1,0
124950295,"Out on a Limb (Out, #1)",Hannah Bonam-Young,"Bonam-Young, Hannah",,"=""1778027784""","=""9781778027789""",0,4.26,,ebook,397,2023,2023,,2023/08/01,to-read,to-read (#66),to-read,,,,0,0
18045891,Sharp Objects,Gillian Flynn,"Flynn, Gillian",,"=""0297851535""","=""9780297851530""",0,4.01,Broadway Paperbacks,Paperback,254,2007,2006,,2023/08/01,to-read,to-read (#65),to-read,,,,0,0
18693763,Everything I Never Told You,Celeste Ng,"Ng, Celeste",,"=""159420571X""","=""9781594205712""",0,3.83,Penguin Press,Hardcover,297,2014,2014,,2023/08/01,to-read,to-read (#64),to-read,,,,0,0
33124137,Pet Sematary,Stephen        King,"King, Stephen",,"=""""","=""""",0,4.08,Scribner,Kindle Edition,580,2014,1983,,2023/08/01,to-read,to-read (#63),to-read,,,,0,0
39216527,Paradise Rot,Jenny Hval,"Hval, Jenny",Marjam Idriss,"=""""","=""""",0,3.47,Verso,Paperback,160,2018,2009,,2023/08/01,to-read,to-read (#62),to-read,,,,0,0
26236956,The Obsession,Nora Roberts,"Roberts, Nora",,"=""0399175164""","=""9780399175169""",0,4.23,Berkley,Hardcover,464,2016,2016,,2023/08/01,to-read,to-read (#61),to-read,,,,0,0
49127421,"The Awakening (The Dragon Heart Legacy, #1)",Nora Roberts,"Roberts, Nora",,"=""1250272610""","=""9781250272614""",0,4.18,St. Martin's Press,Hardcover,435,2020,2020,,2023/08/01,to-read,to-read (#60),to-read,,,,0,0
12716613,The Witness,Nora Roberts,"Roberts, Nora",,"=""""","=""""",5,4.25,G.P. Putnam's Sons,Paperback,757,2012,2012,2023/07/31,2023/07/12,,,read,,,,1,0
17980911,The Boy Who Sneaks in My Bedroom Window,Kirsty Moseley,"Moseley, Kirsty","Leah Mallach, Sean Crisden","=""145266501X""","=""9781452665016""",2,3.84,Tantor Media Inc,MP3 CD,,1818,2012,2023/01/01,2023/07/29,,,read,,,,1,0
7103420,"Evermore (Eternels, #1)",Alyson Noel,"Noel, Alyson","Laurence Boischot, Sylvie Cohen","=""2749911109""","=""9782749911106""",3,3.60,Michel Lafon,Paperback,341,2009,2009,2023/01/01,2023/07/29,,,read,,,,1,0
59808071,"The Ballad of Never After (Once Upon a Broken Heart, #2)",Stephanie Garber,"Garber, Stephanie",,"=""1250268427""","=""9781250268426""",4,4.49,Flatiron Books,Hardcover,416,2022,2022,2023/07/29,2023/06/20,,,read,,,,1,0
420849,Lemonade Mouth,Mark Peter Hughes,"Hughes, Mark Peter",,"=""0385733925""","=""9780385733922""",0,3.84,Delacorte Books for Young Readers,Hardcover,352,2007,2007,,2023/07/12,to-read,to-read (#59),to-read,,,,0,0
54613751,House of Hollow,Krystal Sutherland,"Sutherland, Krystal",,"=""059311034X""","=""9780593110348""",4,4.01,G.P. Putnam's Sons Books for Young Readers,Hardcover,292,2021,2021,2023/07/07,2022/07/08,,,read,,,,1,0
35900387,Eleanor Oliphant Is Completely Fine,Gail Honeyman,"Honeyman, Gail",,"=""0008172145""","=""9780008172145""",0,4.23,HarperCollins GB,Paperback,390,2018,2017,,2023/07/06,to-read,to-read (#58),to-read,,,,0,0
64435603,"Tyler (Blue Halo, #6)",Nyssa Kathryn,"Kathryn, Nyssa",,"=""""","=""""",2,4.43,,Kindle Edition,267,2023,2023,2023/01/01,2023/06/30,,,read,,,,1,0
62192521,Ever Since,Alena Bruzas,"Bruzas, Alena",,"=""0593616170""","=""9780593616178""",0,4.13,Rocky Pond Books,Hardcover,288,2023,2023,,2023/06/23,to-read,to-read (#57),to-read,,,,0,0
1087403,Lace,Shirley Conran,"Conran, Shirley",,"=""""","=""""",0,3.83,Penguin Books,Mass Market Paperback,751,1992,,,2023/06/23,to-read,to-read (#56),to-read,,,,0,0
60510,"Poison Study (Study, #1)",Maria V. Snyder,"Snyder, Maria V.",,"=""0778324338""","=""9780778324331""",0,4.09,Mira,Paperback,427,2007,2005,,2023/06/23,to-read,to-read (#55),to-read,,,,0,0
13335037,"Divergent (Divergent, #1)",Veronica Roth,"Roth, Veronica",,"=""0062024035""","=""9780062024039""",4,4.13,Katherine Tegen Books,Paperback,487,2012,2011,2023/06/23,2023/06/20,,,read,,,,1,0
41865,"Twilight (The Twilight Saga, #1)",Stephenie Meyer,"Meyer, Stephenie",,"=""0316015849""","=""9780316015844""",4,3.67,"Little, Brown and Company",Paperback,498,2006,2005,2021/10/27,2021/10/27,,,read,,,,1,0
42893340,"The Kinder Poison (The Kinder Poison, #1)",Natalie Mae,"Mae, Natalie",,"=""1984835211""","=""9781984835215""",0,3.85,Razorbill,Hardcover,416,2020,2020,,2023/06/20,to-read,to-read (#54),to-read,,,,0,0
56647932,Wyatt (Project Arma #5),Nyssa Kathryn,"Kathryn, Nyssa",,"=""""","=""""",2,4.41,Nyssa Kathryn,Kindle Edition,272,2021,2021,2023/01/01,2023/06/17,,,read,,,,1,0
57363770,"Bodie (Project Arma, #6)",Nyssa Kathryn,"Kathryn, Nyssa",,"=""""","=""""",4,4.45,Nyssa Kathryn,Kindle Edition,255,2021,2021,2023/01/01,2023/06/17,,,read,,,,1,0
55969733,Mason (Project Arma #4),Nyssa Kathryn,"Kathryn, Nyssa",,"=""""","=""""",3,4.41,Nyssa Kathryn,Kindle Edition,262,2021,2021,2023/01/01,2023/06/17,,,read,,,,1,0
54901808,Asher (Project Arma #3),Nyssa Kathryn,"Kathryn, Nyssa",,"=""""","=""""",3,4.35,Nyssa Kathryn,Kindle Edition,292,2020,2020,2023/01/01,2023/06/17,,,read,,,,1,0
55987278,"Once Upon a Broken Heart (Once Upon a Broken Heart, #1)",Stephanie Garber,"Garber, Stephanie",,"=""1250268397""","=""9781250268396""",4,4.06,Flatiron Books,Hardcover,408,2021,2021,2023/06/17,2023/06/01,,,read,,,,1,0
50534251,Luca (Project Arma #1),Nyssa Kathryn,"Kathryn, Nyssa",,"=""""","=""""",2,4.17,Nyssa Kathryn,Kindle Edition,242,2020,2020,2023/01/01,2023/06/07,,,read,,,,1,0
27189194,One True Loves,Taylor Jenkins Reid,"Reid, Taylor Jenkins",,"=""""","=""""",3,4.02,Washington Square Press,Kindle Edition,352,2016,2016,2023/06/03,2023/06/01,,,read,,,,1,0
8097637,"The Spirit Thief (The Legend of Eli Monpress, #1)",Rachel Aaron,"Aaron, Rachel",,"=""0316069051""","=""9780316069052""",0,3.88,Orbit,Mass Market Paperback,310,2010,2010,,2023/05/31,to-read,to-read (#53),to-read,,,,0,0
52380207,Trouble the Saints,Alaya Dawn Johnson,"Johnson, Alaya Dawn",,"=""1250175348""","=""9781250175342""",0,3.36,Tor Books,Hardcover,352,2020,2020,,2023/05/31,to-read,to-read (#52),to-read,,,,0,0
54870208,Mary Jane,Jessica Anya Blau,"Blau, Jessica Anya",,"=""0063052296""","=""9780063052291""",0,4.13,Mariner Books,Hardcover,320,2021,2021,,2023/05/31,to-read,to-read (#51),to-read,,,,0,0
30326616,"Say You'll Stay (The Hennington Brothers, #1)",Corinne Michaels,"Michaels, Corinne",,"=""""","=""""",0,4.10,,ebook,310,2016,2016,,2023/05/31,to-read,to-read (#50),to-read,,,,0,0
85174288,"Ryker (Mercy Ring, #4)",Nyssa Kathryn,"Kathryn, Nyssa",,"=""""","=""""",2,4.37,,Kindle Edition,269,2023,2023,2023/01/01,2023/05/31,,,read,,,,1,0
124948406,They Never Learn,Layne Fargo,"Fargo, Layne",,"=""""","=""""",0,3.91,Gallery/Scout Press,Kindle Edition,349,2023,2020,,2023/05/30,to-read,to-read (#49),to-read,,,,0,0
63079309,Cole (Mercy Ring #3),Nyssa Kathryn,"Kathryn, Nyssa",,"=""""","=""""",3,4.33,,Kindle Edition,273,2023,2023,2023/01/01,2023/05/30,,,read,,,,1,0
61437147,Declan (Mercy Ring #2),Nyssa Kathryn,"Kathryn, Nyssa",,"=""1922869287""","=""9781922869289""",4,4.28,,Kindle Edition,286,2022,2022,2023/01/01,2023/05/30,,,read,,,,1,0
61179995,Jackson (Mercy Ring #1),Nyssa Kathryn,"Kathryn, Nyssa",,"=""""","=""""",3,4.20,NW Partners PTY LTD,Kindle Edition,276,2022,2022,2023/01/01,2023/05/30,,,read,,,,1,0
395851,The Struggle (The Vampire Diaries #2),L.J. Smith,"Smith, L.J.",,"=""006102001X""","=""9780061020018""",0,3.44,HarperCollins Publishers,Paperback,278,1999,1991,,2022/10/20,to-read,to-read (#48),to-read,,,,0,0
58545703,"Hooked (Never After, #1)",Emily McIntire,"McIntire, Emily",,"=""173750832X""","=""9781737508328""",3,3.78,"McIntire Publishing, Co.",Kindle Edition,312,2021,2021,2023/01/01,2023/05/22,,,read,,,,1,0
42883009,Luna and the Lie,Mariana Zapata,"Zapata, Mariana",,"=""""","=""""",3,4.07,,ebook,580,2018,2018,2023/01/01,2023/05/22,,,read,,,,1,0
60784545,"The Plus One (A Brush with Love, #3)",Mazey Eddings,"Eddings, Mazey",,"=""1250847044""","=""9781250847041""",3,3.65,Griffin,Paperback,307,2023,2023,2023/01/01,2023/05/22,,,read,,,,1,0
59364173,I'm Glad My Mom Died,Jennette McCurdy,"McCurdy, Jennette",,"=""""","=""""",4,4.44,Simon & Schuster,ebook,320,2022,2022,2023/01/01,2023/05/22,,,read,,,,1,0
60755618,"Flawless (Chestnut Springs, #1)",Elsie Silver,"Silver, Elsie",,"=""""","=""""",3,4.03,Elsie Silver via Amazon Digital Services,Kindle Edition,424,2022,2022,2023/01/01,2023/05/22,,,read,,,,1,0
54189398,"The Spanish Love Deception (Love Deception, #1)",Elena  Armas,"Armas, Elena",,"=""1668002531""","=""9781668002537""",2,3.80,Elena Armas,ebook,487,2021,2021,2023/01/01,2023/05/22,,,read,,,,1,0
35853895,"Blurring the Lines: Nothing Left to Lose, Part II (Guarded Hearts, #2)",Kirsty Moseley,"Moseley, Kirsty",,"=""""","=""""",2,4.25,,Kindle Edition,251,2017,2013,2023/01/01,2023/05/22,,,read,,,,1,0
35853878,"Guarding the Broken: Nothing Left to Lose, Part I (Guarded Hearts, #1)",Kirsty Moseley,"Moseley, Kirsty",,"=""""","=""""",2,4.18,,Kindle Edition,333,2017,2013,2023/01/01,2023/05/22,,,read,,,,1,0
61767292,"Icebreaker (UCMH, #1)",Hannah  Grace,"Grace, Hannah",,"=""""","=""""",2,3.75,Pig & Bear Publishing,Kindle Edition,447,2022,2022,,2023/05/22,,,read,,,,0,0
62611649,"Aidan (Blue Halo, #5)",Nyssa Kathryn,"Kathryn, Nyssa",,"=""""","=""""",3,4.42,Amazon Digital Services,Kindle Edition,268,2022,2022,2023/01/01,2023/05/22,,,read,,,,1,0
61179993,"Flynn (Blue Halo, #4)",Nyssa Kathryn,"Kathryn, Nyssa",,"=""""","=""""",3,4.37,NW Partners PTY LTD,Kindle Edition,284,2022,2022,2023/01/01,2023/05/22,,,read,,,,1,0
59475303,Jason (Blue Halo #2),Nyssa Kathryn,"Kathryn, Nyssa",,"=""""","=""""",3,4.31,Nyssa Kathryn,Kindle Edition,284,2022,2022,2023/01/01,2023/05/22,,,read,,,,1,0
59475301,Logan (Blue Halo #1),Nyssa Kathryn,"Kathryn, Nyssa",,"=""""","=""""",3,4.33,Nyssa Kathryn,Kindle Edition,289,2022,2022,2023/01/01,2023/05/22,,,read,,,,1,0
63270129,"Secret Sin (The Byrne Brothers, #1.5)",Jill Ramsower,"Ramsower, Jill",,"=""""","=""""",1,3.85,Jill Ramsower LLC,Paperback,,2023,,2023/01/01,2023/05/22,,,read,,,,1,0
58076354,Grand Lies (The Promise Duet #1),J.C. Hawke,"Hawke, J.C.",,"=""""","=""""",1,3.81,Ivy Rose Publishing Ltd,Kindle Edition,507,2021,2021,2023/01/01,2023/05/22,,,read,,,,1,0
61425509,"Silent Vows (The Byrne Brothers, #1)",Jill Ramsower,"Ramsower, Jill",,"=""""","=""""",1,3.77,,Paperback,350,2022,2022,2023/01/01,2023/05/22,,,read,,,,1,0
55817097,"Twisted Love (Twisted, #1)",Ana Huang,"Huang, Ana",,"=""""","=""""",1,3.71,,Kindle Edition,360,2021,2021,2023/01/01,2023/05/22,,,read,,,,1,0
43528094,"Rock Chick Regret (Rock Chick, #7)",Kristen Ashley,"Ashley, Kristen",,"=""""","=""""",3,4.52,Kristen Ashley,Kindle Edition,542,2018,2011,2023/01/01,2023/05/22,,,read,,,,1,0
43528039,"Rock Chick Reckoning (Rock Chick, #6)",Kristen Ashley,"Ashley, Kristen",,"=""""","=""""",2,4.41,Kristen Ashley,Kindle Edition,484,2018,2018,2023/01/01,2023/05/22,,,read,,,,1,0
43528033,"Rock Chick Revenge (Rock Chick, #5)",Kristen Ashley,"Ashley, Kristen",,"=""""","=""""",2,4.46,Kristen Ashley,Kindle Edition,496,2018,2011,2023/01/01,2023/05/22,,,read,,,,1,0
43528029,"Rock Chick Renegade (Rock Chick, #4)",Kristen Ashley,"Ashley, Kristen",,"=""""","=""""",2,4.44,Kristen Ashley,Kindle Edition,476,2018,2011,2023/01/01,2023/05/22,,,read,,,,1,0
43528027,"Rock Chick Redemption (Rock Chick, #3)",Kristen Ashley,"Ashley, Kristen",,"=""""","=""""",2,4.41,Kristen Ashley,Kindle Edition,448,2018,2010,2023/01/01,2023/05/22,,,read,,,,1,0
43528012,"Rock Chick Rescue (Rock Chick, #2)",Kristen Ashley,"Ashley, Kristen",,"=""""","=""""",2,4.29,Kristen Ashley,Kindle Edition,400,2018,2009,2023/01/01,2023/05/22,,,read,,,,1,0
43528006,"Rock Chick (Rock Chick, #1)",Kristen Ashley,"Ashley, Kristen",,"=""""","=""""",2,4.17,Kristen Ashley,Kindle Edition,398,2018,2008,2023/01/01,2023/05/22,,,read,,,,1,0
60060431,"Things We Never Got Over (Knockemout, #1)",Lucy Score,"Score, Lucy",,"=""1945631848""","=""9781945631849""",3,4.13,That's What She Said Publishing,Kindle Edition,572,2022,2022,2023/01/01,2023/05/22,,,read,,,,1,0
161656,"The Tail of Emily Windsnap (Emily Windsnap, #1)",Liz Kessler,"Kessler, Liz",Sarah Gibb,"=""0763628115""","=""9780763628116""",0,3.93,Candlewick Press,Paperback,209,2010,2003,,2023/05/22,to-read,to-read (#47),to-read,,,,0,0
195672,"Aquamarine (Water Tales, #1)",alice-hoffman,"alice-hoffman, alice-hoffman",,"=""1405203633""","=""9781405203630""",0,3.49,Egmont,Paperback,104,2003,2001,,2023/05/21,to-read,to-read (#46),to-read,,,,0,0
54173267,Happy Hour,Marlowe Granados,"Granados, Marlowe",,"=""1989919006""","=""9781989919002""",0,3.48,Flying Books,Paperback,280,2020,2020,,2023/05/21,to-read,to-read (#45),to-read,,,,0,0
34607044,Devotion,Patti Smith,"Smith, Patti",,"=""0300218621""","=""9780300218626""",0,3.85,Yale University Press,Hardcover,95,2017,2017,,2023/05/21,to-read,to-read (#44),to-read,,,,0,0
38402135,The Carrying,Ada Limon,"Limon, Ada",,"=""1571315128""","=""9781571315120""",0,4.38,Milkweed Editions,Hardcover,120,2018,2018,,2023/05/21,to-read,to-read (#43),to-read,,,,0,0
52973514,Days of Distraction,Alexandra Chang,"Chang, Alexandra",,"=""0062951807""","=""9780062951809""",0,3.56,HarperCollins,Hardcover,312,2020,2020,,2023/05/21,to-read,to-read (#42),to-read,,,,0,0
58659343,Our Wives Under the Sea,Julia Armfield,"Armfield, Julia",,"=""152901722X""","=""9781529017229""",0,3.73,Picador,Paperback,240,2022,2022,,2023/05/21,to-read,to-read (#41),to-read,,,,0,0
2210839,Waiting for Normal,Leslie Connor,"Connor, Leslie",,"=""0060890886""","=""9780060890889""",0,4.06,HarperCollins,Hardcover,290,2008,2008,,2023/05/03,to-read,to-read (#40),to-read,,,,0,0
310146,The True Confessions of Charlotte Doyle,Avi,"Avi, Avi",,"=""0380714752""","=""9780380714759""",0,3.86,Harpercollins Childrens Books,Mass Market Paperback,232,1992,1990,,2023/04/10,to-read,to-read (#39),to-read,,,,0,0
1431,Veronika Decides to Die,Paulo Coelho,"Coelho, Paulo",Margaret Jull Costa,"=""""","=""""",0,3.73,Harper Perennial,Paperback,285,2006,1998,,2023/04/01,to-read,to-read (#38),to-read,,,,0,0
5598690,Crash Into Me,Albert Borris,"Borris, Albert",,"=""1416974350""","=""9781416974352""",0,3.77,Simon & Schuster Books for Young Readers,Hardcover,257,2009,2009,,2023/04/01,to-read,to-read (#37),to-read,,,,0,0
33630116,Madness,Zac Brewer,"Brewer, Zac",Z Brewer,"=""0062457853""","=""9780062457851""",0,3.70,HarperTeen,Hardcover,304,2017,2017,,2023/04/01,to-read,to-read (#36),to-read,,,,0,0
248704,It's Kind of a Funny Story,Ned Vizzini,"Vizzini, Ned",,"=""078685197X""","=""9780786851973""",0,4.07,Disney Hyperion,Paperback,444,2007,2006,,2023/04/01,to-read,to-read (#35),to-read,,,,0,0
34381137,Dear Evan Hansen,Steven  Levenson,"Levenson, Steven","Benj Pasek, Justin  Paul","=""1559365609""","=""9781559365604""",0,4.32,Theatre Communications Group,Paperback,144,2017,2017,,2023/04/01,to-read,to-read (#34),to-read,,,,0,0
18460392,All the Bright Places,Jennifer Niven,"Niven, Jennifer",,"=""0385755880""","=""9780385755887""",0,4.11,Knopf,Hardcover,388,2015,2015,,2023/04/01,to-read,to-read (#33),to-read,,,,0,0
18336965,My Heart and Other Black Holes,Jasmine Warga,"Warga, Jasmine",,"=""0062324691""","=""9780062324696""",0,3.96,HarperCollins/Balzer + Bray,Kindle Edition,302,2015,2015,,2023/04/01,to-read,to-read (#32),to-read,,,,0,0
18879761,I Was Here,Gayle Forman,"Forman, Gayle",,"=""0451471474""","=""9780451471475""",0,3.73,Viking Juvenile,Hardcover,270,2015,2015,,2023/04/01,to-read,to-read (#31),to-read,,,,0,0
25253481,"The Marriage Contract (The O'Malleys, #1)",Katee Robert,"Robert, Katee",,"=""""","=""""",0,3.56,Forever,ebook,338,2015,2015,,2023/03/29,to-read,to-read (#30),to-read,,,,0,0
62348154,"Brutal Prince (Brutal Birthright, #1)",Sophie Lark,"Lark, Sophie",,"=""""","=""""",0,3.74,,ebook,376,2022,2020,,2023/03/29,to-read,to-read (#29),to-read,,,,0,0
53012645,White Whiskey Bargain,Jodie Slaughter,"Slaughter, Jodie",,"=""1733426566""","=""9781733426565""",0,3.50,ZachEvans Creative LLC,Paperback,258,2019,2019,,2023/03/29,to-read,to-read (#28),to-read,,,,0,0
48662527,"Beautifully Cruel (Beautifully Cruel, #1)",J.T. Geissinger,"Geissinger, J.T.",,"=""""","=""""",0,4.13,"J.T. Geissinger, Inc.",Kindle Edition,336,2020,2020,,2023/03/29,to-read,to-read (#27),to-read,,,,0,0
48632163,The Italian,T.L. Swan,"Swan, T.L.",,"=""""","=""""",0,4.10,T L Swan,Kindle Edition,598,2019,2019,,2023/03/29,to-read,to-read (#26),to-read,,,,0,0
52226559,Sweet Temptation,Cora Reilly,"Reilly, Cora",,"=""""","=""""",0,3.97,,Kindle Edition,292,2020,2020,,2023/03/29,to-read,to-read (#25),to-read,,,,0,0
31309440,"Crow (Boston Underworld, #1)",A. Zavarelli,"Zavarelli, A.",,"=""""","=""""",0,4.00,,ebook,312,2016,2016,,2023/03/29,to-read,to-read (#24),to-read,,,,0,0
123192083,"Twisted Loyalties (The Camorra Chronicles, #1)",Cora Reilly,"Reilly, Cora",,"=""""","=""""",0,3.83,,Kindle Edition,329,2023,2018,,2023/03/29,to-read,to-read (#23),to-read,,,,0,0
43763,"Interview with the Vampire (The Vampire Chronicles, #1)",Anne Rice,"Rice, Anne",,"=""0345476875""","=""9780345476876""",0,4.02,Ballantine Books,Paperback,346,2004,1976,,2023/01/30,to-read,to-read (#22),to-read,,,,0,0
139253,The House on Mango Street,Sandra Cisneros,"Cisneros, Sandra",,"=""0679734775""","=""9780679734772""",0,3.69,Knopf Doubleday Publishing Group,Paperback,110,2009,1984,,2023/01/07,to-read,to-read (#21),to-read,,,,0,0
55315959,Breath Mints / Battle Scars,Onyx_and_Elm,"Onyx_and_Elm, Onyx_and_Elm",,"=""""","=""""",0,4.25,Archive of Our Own,ebook,631,2020,,,2022/11/03,to-read,to-read (#20),to-read,,,,0,0
395922,"The Awakening (The Vampire Diaries, #1)",L.J. Smith,"Smith, L.J.",,"=""0061020001""","=""9780061020001""",4,3.33,HarperCollins Publishers,Mass Market Paperback,253,1999,1991,2022/10/20,2022/10/18,,,read,,,,1,0
45463236,To Be Devoured,Sara Tantlinger,"Tantlinger, Sara",,"=""""","=""""",4,3.77,Unnerving,Kindle Edition,133,2019,2019,2022/01/01,2022/10/18,,,read,,,,1,0
2294984,All the Lovely Bad Ones,Mary Downing Hahn,"Hahn, Mary Downing",,"=""0618854673""","=""9780618854677""",4,4.02,Clarion Books,Hardcover,182,2008,2008,2022/01/01,2022/10/18,,,read,,,,1,0
6581334,"13 Treasures (Thirteen Treasures, #1)",Michelle Harrison,"Harrison, Michelle",,"=""0316041483""","=""9780316041485""",4,4.06,Little Brown and Company,Hardcover,368,2010,2009,2022/01/01,2022/10/18,,,read,,,,1,0
52578297,The Midnight Library,Matt Haig,"Haig, Matt",,"=""0525559477""","=""9780525559474""",3,3.98,Viking,Hardcover,288,2020,2020,2022/01/01,2022/10/18,,,read,,,,1,0
57693172,A Flicker in the Dark,Stacy Willingham,"Willingham, Stacy",,"=""1250803829""","=""9781250803825""",4,3.98,Minotaur Books,Hardcover,357,2022,2022,2022/08/10,2022/08/06,,,read,,,,1,0
14554,"If Tomorrow Comes (Tracy Whitney, #1)",Sidney Sheldon,"Sheldon, Sidney",,"=""0006479677""","=""9780006479673""",4,4.07,"William Morrow and Co., Inc.",Hardcover,501,1985,1985,2022/01/01,2022/08/06,,,read,,,,1,0
28243032,We Are Okay,Nina LaCour,"LaCour, Nina",,"=""0525425896""","=""9780525425892""",5,3.93,Dutton Books for Young Readers,Hardcover,236,2017,2017,2022/01/01,2022/07/06,,,read,,,,1,0
60099660,If You Could See the Sun,Ann Liang,"Liang, Ann",,"=""1335915842""","=""9781335915849""",0,4.00,Inkyard Press,Hardcover,346,2022,2022,,2022/07/06,to-read,to-read (#19),to-read,,,,0,0
5152478,Wintergirls,Laurie Halse Anderson,"Anderson, Laurie Halse",,"=""067001110X""","=""9780670011100""",4,3.96,Viking Books for Young Readers,Hardcover,278,2009,2009,2022/01/01,2022/07/01,,,read,,,,1,0
50736031,Breasts and Eggs,Mieko Kawakami,"Kawakami, Mieko","Sam Bett, David  Boyd","=""1609455878""","=""9781609455873""",4,3.85,Europa Editions,Hardcover,430,2020,2008,2022/01/01,2022/07/01,,,read,,,,1,0
60556912,"The Housemaid (The Housemaid, #1)",Freida McFadden,"McFadden, Freida",,"=""1803144378""","=""9781803144375""",3,4.29,Bookouture,Kindle Edition,329,2022,2022,2022/07/01,2022/06/22,,,read,,,,1,0
58065803,Cherish Farrah,Bethany C. Morrow,"Morrow, Bethany C.",,"=""0593185382""","=""9780593185384""",0,3.01,Dutton,Hardcover,336,2022,2022,,2022/06/15,to-read,to-read (#18),to-read,,,,0,0
57693262,Cleopatra and Frankenstein,Coco Mellors,"Mellors, Coco",,"=""1635576814""","=""9781635576818""",0,3.70,Bloomsbury Publishing,Paperback,368,2022,2022,,2022/06/15,to-read,to-read (#17),to-read,,,,0,0
40670312,The One,John Marrs,"Marrs, John",,"=""""","=""""",3,4.10,Hanover Square Press,ebook,418,2018,2016,2022/06/14,2022/06/08,,,read,,,,1,0
35959740,Circe,Madeline Miller,"Miller, Madeline",,"=""0316556343""","=""9780316556347""",4,4.22,"Little, Brown and Company",Hardcover,393,2018,2018,2022/06/10,2022/06/08,,,read,,,,1,0
57693505,"How to Love Your Neighbor (Jansen Brothers, #2)",Sophie Sullivan,"Sullivan, Sophie",,"=""1250624185""","=""9781250624185""",3,3.36,Griffin,Paperback,352,2022,2022,2022/01/01,2022/06/13,,,read,,,,1,0
6969,Emma,Jane Austen,"Austen, Jane",Fiona Stafford,"=""0141439580""","=""9780141439587""",0,4.05,Penguin Books,Paperback,474,2003,1815,,2022/01/31,to-read,to-read (#16),to-read,,,,0,0
58100280,"The Cheat Sheet (The Cheat Sheet, #1)",Sarah       Adams,"Adams, Sarah",,"=""""","=""""",3,3.71,,Kindle Edition,306,2021,2021,2022/01/01,2022/06/08,,,read,,,,1,0
36616102,Carmilla,J. Sheridan Le Fanu,"Fanu, J. Sheridan Le",,"=""1548367702""","=""9781548367701""",0,3.87,CreateSpace Independent Publishing Platform,Paperback,67,2017,1872,,2022/06/06,to-read,to-read (#15),to-read,,,,0,0
55710822,"Better Than the Movies (Better Than the Movies, #1)",Lynn Painter,"Painter, Lynn",,"=""1534467629""","=""9781534467620""",2,4.26,Simon & Schuster Books for Young Readers,Hardcover,356,2021,2021,2022/01/01,2022/05/07,,,read,,,,1,0
44286258,The Henna Wars,Adiba Jaigirdar,"Jaigirdar, Adiba",,"=""""","=""""",1,3.92,Page Street Kids,Hardcover,400,2020,2020,2022/01/06,2022/01/04,,,read,,,,1,0
36809135,Where the Crawdads Sing,Delia Owens,"Owens, Delia",,"=""0735219117""","=""9780735219113""",3,4.37,G.P. Putnam’s Sons,ebook,384,2018,2018,2022/01/01,2022/04/30,,,read,,,,1,0
58536037,"Woman, Eating",Claire Kohda,"Kohda, Claire",,"=""0063140888""","=""9780063140882""",0,3.44,HarperVia,Hardcover,240,2022,2022,,2022/04/28,to-read,to-read (#14),to-read,,,,0,0
1162543,"Breaking Dawn (The Twilight Saga, #4)",Stephenie Meyer,"Meyer, Stephenie",,"=""031606792X""","=""9780316067928""",2,3.75,"Little, Brown and Company",Hardcover,756,2008,2008,2022/04/24,2022/01/20,,,read,,,,1,0
54985743,People We Meet on Vacation,Emily Henry,"Henry, Emily",,"=""1984806750""","=""9781984806758""",3,3.85,"A Jove Book, Berkley",Paperback,364,2021,2021,2021/01/01,2021/10/02,,,read,,,,1,0
49259788,The Summer of Broken Rules,K.L. Walther,"Walther, K.L.",,"=""1728210291""","=""9781728210292""",0,3.89,Sourcebooks Fire,Paperback,359,2021,2021,,2022/04/08,to-read,to-read (#13),to-read,,,,0,0
43262893,The Wives,Tarryn Fisher,"Fisher, Tarryn",,"=""1488054355""","=""9781488054358""",3,3.66,Graydon House,ebook,295,2019,2019,2022/01/01,2022/03/23,,,read,,,,1,0
46227658,Purple Hibiscus,Chimamanda Ngozi Adichie,"Adichie, Chimamanda Ngozi",,"=""""","=""""",4,4.18,Algonquin Books,Paperback,307,2012,2003,2022/01/01,2022/03/12,,,read,,,,1,0
58468990,The Paris Apartment,Lucy Foley,"Foley, Lucy",,"=""0063003058""","=""9780063003057""",0,3.65,William Morrow,Hardcover,360,2022,2022,,2022/03/10,to-read,to-read (#12),to-read,,,,0,0
57938995,Don't Cry for Me,Daniel     Black,"Black, Daniel",,"=""133542573X""","=""9781335425737""",0,4.37,Hanover Square Press,Hardcover,301,2022,2022,,2022/03/06,to-read,to-read (#11),to-read,,,,0,0
52339313,"Cemetery Boys (Cemetery Boys, #1)",Aiden Thomas,"Thomas, Aiden",,"=""1250250463""","=""9781250250469""",0,4.25,Swoon Reads,Hardcover,344,2020,2020,,2022/03/06,to-read,to-read (#10),to-read,,,,0,0
44321492,Seven Days: Monday–Sunday,Venio Tachibana,"Tachibana, Venio",Rihito Takarai,"=""1974709272""","=""9781974709274""",0,4.10,SuBLime,Paperback,364,2019,2019,,2022/03/06,to-read,to-read (#9),to-read,,,,0,0
53310061,"Dial A for Aunties (Aunties, #1)",Jesse Q. Sutanto,"Sutanto, Jesse Q.",,"=""0593336739""","=""9780593336731""",0,3.69,Berkley,Hardcover,299,2021,2021,,2022/03/01,to-read,to-read (#8),to-read,,,,0,0
40874032,"Vicious (Villains, #1)",V.E. Schwab,"Schwab, V.E.",Victoria Schwab,"=""""","=""""",0,4.19,Tor Books,Kindle Edition,402,2013,2013,,2022/02/28,to-read,to-read (#7),to-read,,,,0,0
54814676,Crying in H Mart,Michelle Zauner,"Zauner, Michelle",,"=""0525657746""","=""9780525657743""",4,4.24,Knopf,Hardcover,243,2021,2021,2022/01/01,2022/02/24,,,read,,,,1,0
44414927,"Fortuna Sworn (Fortuna Sworn, #1)",K.J. Sutton,"Sutton, K.J.",,"=""0578489678""","=""9780578489674""",2,3.57,"Once Upon a Time Books, LLC",Paperback,316,2019,2019,2022/01/01,2022/02/20,,,read,,,,1,0
12220,A Streetcar Named Desire,Tennessee Williams,"Williams, Tennessee",,"=""0822210894""","=""9780822210894""",3,3.98,Dramatist's Play Service,Paperback,107,1998,1947,2022/01/01,2022/02/12,,,read,,,,1,0
51335759,"Good Girl, Bad Blood (A Good Girl's Guide to Murder, #2)",Holly  Jackson,"Jackson, Holly",,"=""1405297751""","=""9781405297752""",2,4.26,Electric Monkey,Paperback,413,2020,2020,2022/01/01,2022/02/09,,,read,this sequel was so boring lol. pretty much the same plot as the first book but a lot less thought out and bland. there was barely any connection to the first book which is pretty important to me in a series and so many events just came out of nowhere ??? literally made zero sense to me and was pretty disappointed because i thought the first book was a fun read. ,,,1,0
56905097,"As Good As Dead (A Good Girl's Guide to Murder, #3)",Holly  Jackson,"Jackson, Holly",,"=""0593379853""","=""9780593379851""",3,4.19,Delacorte Press,Hardcover,500,2021,2021,2022/02/09,2022/02/09,,,read,,,,1,0
40916679,"A Good Girl's Guide to Murder (A Good Girl's Guide to Murder, #1)",Holly  Jackson,"Jackson, Holly",,"=""1405293187""","=""9781405293181""",3,4.29,Electric Monkey,Paperback,433,2019,2019,2022/02/02,2022/01/31,,,read,,,,1,0
428263,"Eclipse (The Twilight Saga, #3)",Stephenie Meyer,"Meyer, Stephenie",,"=""0316160202""","=""9780316160209""",2,3.74,"Little, Brown and Company",Hardcover,629,2007,2007,2022/01/20,2022/01/04,,,read,,,,1,0
7714,Pygmalion,George Bernard Shaw,"Shaw, George Bernard",,"=""0486282228""","=""9780486282220""",3,3.89,Dover Publications,Paperback,82,1994,1913,2022/01/13,2022/01/04,,,read,,,,1,0
59344312,Verity,Colleen Hoover,"Hoover, Colleen",,"=""153872474X""","=""9781538724743""",2,4.30,Grand Central Publishing,ebook,336,2021,2018,2022/01/07,2022/01/04,,,read,,,,1,0
55404546,Malibu Rising,Taylor Jenkins Reid,"Reid, Taylor Jenkins",,"=""1524798657""","=""9781524798659""",4,4.02,Ballantine Books,Hardcover,369,2021,2021,2022/01/01,2022/01/09,,,read,,,,1,0
9522,Persepolis 1,Marjane Satrapi,"Satrapi, Marjane",,"=""2844140580""","=""9782844140586""",3,4.30,L'Association,Paperback,76,2000,2000,2022/01/01,2022/01/03,,,read,,,,1,0
49041,"New Moon (The Twilight Saga, #2)",Stephenie Meyer,"Meyer, Stephenie",,"=""0316160199""","=""9780316160193""",1,3.61,"Little, Brown and Company",Hardcover,563,2006,2006,2022/01/01,2022/01/01,,,read,,,,1,0
128029,A Thousand Splendid Suns,Khaled Hosseini,"Hosseini, Khaled",,"=""1594489505""","=""9781594489501""",4,4.45,Riverhead Books,Hardcover,372,2007,2007,2022/01/01,2022/01/01,,,read,,,,1,0
57009596,That Night,Nidhi  Upadhyay,"Upadhyay, Nidhi",,"=""""","=""""",3,3.71,Penguin Random House India,Kindle Edition,288,2021,2021,2021/01/01,2021/12/31,,,read,,,,1,0
57899793,All My Rage,Sabaa Tahir,"Tahir, Sabaa",,"=""0593202341""","=""9780593202340""",0,4.48,Razorbill,Hardcover,376,2022,2022,,2021/12/29,to-read,to-read (#6),to-read,,,,0,0
56978100,The Girl Who Fell Beneath the Sea,Axie Oh,"Oh, Axie",,"=""1250780861""","=""9781250780867""",0,4.09,Feiwel & Friends,Hardcover,325,2022,2022,,2021/12/29,to-read,to-read (#5),to-read,,,,0,0
52268640,Memphis,Tara M. Stringfellow,"Stringfellow, Tara M.",,"=""0593230485""","=""9780593230480""",0,4.09,The Dial Press,Hardcover,272,2022,2022,,2021/12/29,to-read,to-read (#4),to-read,,,,0,0
57926137,Black Cake,Charmaine Wilkerson,"Wilkerson, Charmaine",,"=""""","=""""",0,4.09,Ballantine Books,Hardcover,385,2022,2022,,2021/12/29,to-read,to-read (#3),to-read,,,,0,0
57933338,Violeta,Isabel Allende,"Allende, Isabel",Frances Riddle,"=""0593496205""","=""9780593496206""",0,4.03,Ballantine Books,Paperback,322,2022,2022,,2021/12/29,to-read,to-read (#2),to-read,,,,0,0
9361589,The Night Circus,Erin Morgenstern,"Morgenstern, Erin",,"=""""","=""9780385534635""",3,4.00,Doubleday,Hardcover,506,2011,2011,2021/12/19,2021/10/02,,,read,,,,1,0
20886492,Her Name in the Sky,Kelly Quindlen,"Quindlen, Kelly",,"=""1495335291""","=""9781495335297""",4,4.26,CreateSpace Independent Publishing Platform,Paperback,402,2014,2014,2021/01/01,2021/12/23,,,read,,,,1,0
16143347,We Were Liars,E. Lockhart,"Lockhart, E.",,"=""0385741278""","=""9780385741279""",0,3.65,Delacorte Press,Paperback,320,2018,2014,,2021/10/02,to-read,to-read (#1),to-read,,,,0,0
77203,The Kite Runner,Khaled Hosseini,"Hosseini, Khaled",,"=""159463193X""","=""9781594631931""",4,4.35,Riverhead Books,Paperback,371,2004,2003,2021/01/01,2021/10/06,,,read,,,,1,0
26721568,The Problem with Forever,Jennifer L. Armentrout,"Armentrout, Jennifer L.",,"=""0373212054""","=""9780373212057""",1,3.96,Harlequin Teen,Hardcover,474,2016,2016,2021/01/01,2021/10/06,,,read,,,,1,0
36238089,One Of The Guys,Dawn Doyle,"Doyle, Dawn",,"=""""","=""""",1,3.90,Amazon Digital Services,Kindle Edition,356,2017,2015,2021/01/01,2021/10/06,,,read,,,,1,0
30621602,Crossing the Line (The Rosewoods #10),Katrina Abbott,"Abbott, Katrina",,"=""""","=""""",3,4.20,,,,,,2021/01/01,2021/10/04,,,read,,,,1,0
30621599,Turning the Page (The Rosewoods #9),Katrina Abbott,"Abbott, Katrina",,"=""""","=""""",2,4.01,,Unknown Binding,,,2015,2021/01/01,2021/10/04,,,read,,,,1,0
30621597,Hitting the Target (The Rosewoods #8),Katrina Abbott,"Abbott, Katrina",,"=""""","=""""",2,4.13,,Unknown Binding,,,2015,2021/01/01,2021/10/04,,,read,,,,1,0
30621591,Making Ripples (The Rosewoods #6),Katrina Abbott,"Abbott, Katrina",,"=""""","=""""",2,4.02,,Unknown Binding,,,,2021/01/01,2021/10/04,,,read,,,,1,0
30621573,"This Point Forward (The Rosewoods, #5)",Katrina Abbott,"Abbott, Katrina",,"=""""","=""""",2,4.10,,,,,,2021/01/01,2021/10/04,,,read,,,,2,0
30621569,"Reading Between the Lines (The Rosewoods, #4)",Katrina Abbott,"Abbott, Katrina",,"=""""","=""""",3,4.10,,,,,,2021/01/01,2021/10/03,,,read,,,,1,0
30621566,"Playing the Part (The Rosewoods, #3)",Katrina Abbott,"Abbott, Katrina",,"=""""","=""""",3,3.96,,,,,,2021/01/01,2021/10/03,,,read,,,,1,0
30621563,"Masquerade (The Rosewoods, #2)",Katrina Abbott,"Abbott, Katrina",,"=""""","=""""",3,4.08,,Unknown Binding,,,2014,2021/01/01,2021/10/03,,,read,,,,1,0
20492486,"Taking The Reins (The Rosewoods, #1)",Katrina Abbott,"Abbott, Katrina",,"=""""","=""""",3,3.84,Over The Cliff Publishing,Kindle Edition,206,2014,2014,2021/01/01,2021/10/03,,,read,,,,1,0
25322449,Radio Silence,Alice Oseman,"Oseman, Alice",,"=""""","=""""",4,4.18,Harper Collins Children's Books,Paperback,496,2016,2016,2021/01/01,2021/10/02,,,read,,,,1,0
40097951,The Silent Patient,Alex Michaelides,"Michaelides, Alex",,"=""1250301696""","=""9781250301697""",4,4.17,Celadon Books,Hardcover,336,2019,2019,2021/01/01,2021/10/02,,,read,,,,1,0
23341743,A Totally Awkward Love Story,Tom Ellen,"Ellen, Tom",Lucy Ivison,"=""""","=""""",1,3.35,Delacorte,ebook,320,2016,2014,2021/01/01,2021/10/02,,,read,,,,1,0
40961427,1984,George Orwell,"Orwell, George",,"=""""","=""""",3,4.20,Houghton Mifflin Harcourt,ebook,298,2013,1949,2021/01/01,2021/10/02,,,read,,,,1,0
22299763,"Crooked Kingdom (Six of Crows, #2)",Leigh Bardugo,"Bardugo, Leigh",,"=""""","=""""",4,4.57,Orion Children's Books,Kindle Edition,561,2016,2016,2021/01/01,2021/10/02,,,read,,,,1,0
23437156,"Six of Crows (Six of Crows, #1)",Leigh Bardugo,"Bardugo, Leigh",,"=""1627792120""","=""9781627792127""",4,4.46,Henry Holt & Company,Hardcover,480,2015,2015,2021/01/01,2021/10/02,,,read,,,,1,0
32620332,The Seven Husbands of Evelyn Hugo,Taylor Jenkins Reid,"Reid, Taylor Jenkins",,"=""1501139231""","=""9781501139239""",4,4.40,Atria Books,Hardcover,389,2017,2017,2021/01/01,2021/10/01,,,read,,,,1,0
